,"[1982-84=100, unless otherwise noted]",,,,,,,,,
,,,,,,,,,,
Indent Level,Expenditure category,"Relative
importance
Mar.
2014",Unadjusted indexes,,,Unadjusted percent change,,Seasonally adjusted percent change,,
,,,"Apr.
2013","Mar.
2014","Apr.
2014","Apr.
2013-
Apr.
2014","Mar.
2014-
Apr.
2014","Jan.
2014-
Feb.
2014","Feb.
2014-
Mar.
2014","Mar.
2014-
Apr.
2014"
,,,,,,,,,,
0,All items,100.000,232.531,236.293,237.072,2.0,0.3,0.1,0.2,0.3
1,Food,13.846,236.841,240.398,241.337,1.9,0.4,0.4,0.4,0.4
2,Food at home,8.184,234.082,236.973,238.103,1.7,0.5,0.5,0.5,0.4
3,Cereals and bakery products,1.131,271.388,270.660,271.005,-0.1,0.1,-0.4,0.2,0.0
3,"Meats, poultry, fish, and eggs",1.881,234.320,245.301,249.290,6.4,1.6,1.2,1.2,1.5
3,Dairy and related products(1),0.866,218.141,223.063,224.171,2.8,0.5,0.7,1.0,0.5
3,Fruits and vegetables,1.349,287.545,292.944,294.509,2.4,0.5,1.1,0.9,0.7
3,Nonalcoholic beverages and beverage materials,0.942,168.812,165.703,165.387,-2.0,-0.2,-0.3,-0.2,-0.1
3,Other food at home,2.015,206.177,205.366,205.091,-0.5,-0.1,0.2,-0.1,-0.2
2,Food away from home(1),5.662,242.236,246.878,247.534,2.2,0.3,0.3,0.3,0.3
,,,,,,,,,,
1,Energy,9.530,244.757,250.543,252.717,3.3,0.9,-0.5,-0.1,0.3
2,Energy commodities,5.663,312.270,311.216,320.709,2.7,3.1,-1.3,-2.0,1.9
3,Fuel oil(1),0.179,368.552,393.705,382.025,3.7,-3.0,4.1,-2.9,-3.0
3,Motor fuel,5.375,309.048,306.059,316.782,2.5,3.5,-1.7,-1.7,2.3
4,Gasoline (all types),5.287,307.814,304.464,315.335,2.4,3.6,-1.7,-1.7,2.3
2,Energy services(2),3.867,190.669,203.597,198.856,4.3,-2.3,0.7,2.6,-1.9
3,Electricity(2),2.919,194.553,204.131,198.654,2.1,-2.7,-0.2,1.1,-2.6
3,Utility (piped) gas service(2),0.948,176.159,199.340,196.872,11.8,-1.2,3.6,7.5,0.3
,,,,,,,,,,
1,All items less food and energy,76.624,233.236,236.913,237.509,1.8,0.3,0.1,0.2,0.2
2,Commodities less food and energy commodities,19.565,147.992,147.226,147.589,-0.3,0.2,-0.1,0.0,0.1
3,Apparel,3.455,128.861,128.888,129.629,0.6,0.6,-0.3,0.3,0.0
3,New vehicles,3.524,146.188,146.348,146.724,0.4,0.3,0.1,0.0,0.3
3,Used cars and trucks,1.659,150.160,148.920,150.496,0.2,1.1,-0.1,0.4,0.5
3,Medical care commodities,1.710,335.293,339.567,340.535,1.6,0.3,0.6,-0.3,0.3
3,Alcoholic beverages,0.999,234.282,236.512,236.530,1.0,0.0,-0.3,0.3,0.1
3,Tobacco and smoking products(1),0.697,869.057,895.841,896.306,3.1,0.1,-0.1,0.1,0.1
2,Services less energy services,57.058,284.954,291.518,292.257,2.6,0.3,0.2,0.3,0.3
3,Shelter,31.892,261.655,268.431,268.899,2.8,0.2,0.2,0.3,0.2
4,Rent of primary residence(2),6.927,265.984,273.486,274.100,3.1,0.2,0.2,0.3,0.3
4,Owners' equivalent rent of residences(2)(3),23.716,269.216,275.817,276.265,2.6,0.2,0.2,0.3,0.2
3,Medical care services,5.847,452.083,463.678,464.238,2.7,0.1,0.2,0.3,0.3
4,Physicians' services(2),1.562,353.529,357.465,358.415,1.4,0.3,-0.1,0.2,0.3
4,Hospital services(2)(4),1.811,262.595,277.974,278.496,6.1,0.2,0.6,0.8,0.5
3,Transportation services,5.513,279.065,282.663,285.402,2.3,1.0,0.3,0.2,0.7
4,Motor vehicle maintenance and repair(1),1.142,260.341,264.146,264.508,1.6,0.1,0.3,-0.1,0.1
4,Motor vehicle insurance,2.190,414.955,430.163,433.113,4.4,0.7,0.3,0.3,0.9
4,Airline fare,0.734,318.815,302.464,318.331,-0.2,5.2,1.3,0.5,2.6
,,,,,,,,,,
,Footnotes:,,,,,,,,,
,(1) Not seasonally adjusted.,,,,,,,,,
,(2) This index series was calculated using a Laspeyres estimator.  All other item stratum index series were calculated using a geometric means estimator.,,,,,,,,,
,(3) Indexes on a December 1982=100 base.,,,,,,,,,
,(4) Indexes on a December 1996=100 base.,,,,,,,,,
,"NOTE: Index applies to a month as a whole, not to any specific date.",,,,,,,,,
,"[1982-84=100, unless otherwise noted]",,,,,,,,,
,,,,,,,,,,
Indent Level,Expenditure category,"Relative
importance
Feb.
2014",Unadjusted indexes,,,Unadjusted percent change,,Seasonally adjusted percent change,,
,,,"Mar.
2013","Feb.
2014","Mar.
2014","Mar.
2013-
Mar.
2014","Feb.
2014-
Mar.
2014","Dec.
2013-
Jan.
2014","Jan.
2014-
Feb.
2014","Feb.
2014-
Mar.
2014"
,,,,,,,,,,
0,All items,100.000,232.773,234.781,236.293,1.5,0.6,0.1,0.1,0.2
1,Food,13.890,236.332,239.608,240.398,1.7,0.3,0.1,0.4,0.4
2,Food at home,8.207,233.777,236.114,236.973,1.4,0.4,0.1,0.5,0.5
3,Cereals and bakery products,1.138,269.504,270.583,270.660,0.4,0.0,0.5,-0.4,0.2
3,"Meats, poultry, fish, and eggs",1.870,233.294,242.386,245.301,5.1,1.2,0.4,1.2,1.2
3,Dairy and related products(1),0.863,218.123,220.861,223.063,2.3,1.0,0.5,0.7,1.0
3,Fruits and vegetables,1.356,291.284,292.540,292.944,0.6,0.1,-0.3,1.1,0.9
3,Nonalcoholic beverages and beverage materials,0.949,168.736,165.980,165.703,-1.8,-0.2,-0.2,-0.3,-0.2
3,Other food at home,2.030,205.264,205.554,205.366,0.0,-0.1,0.0,0.2,-0.1
2,Food away from home(1),5.682,241.409,246.187,246.878,2.3,0.3,0.1,0.3,0.3
,,,,,,,,,,
1,Energy,9.266,249.565,242.041,250.543,0.4,3.5,0.6,-0.5,-0.1
2,Energy commodities,5.465,324.016,298.403,311.216,-4.0,4.3,-0.5,-1.3,-2.0
3,Fuel oil(1),0.185,385.552,405.344,393.705,2.1,-2.9,3.7,4.1,-2.9
3,Motor fuel,5.153,320.739,291.512,306.059,-4.6,5.0,-0.9,-1.7,-1.7
4,Gasoline (all types),5.065,319.523,289.814,304.464,-4.7,5.1,-1.0,-1.7,-1.7
2,Energy services(2),3.801,188.856,198.846,203.597,7.8,2.4,2.2,0.7,2.6
3,Electricity(2),2.911,193.856,202.224,204.131,5.3,0.9,1.8,-0.2,1.1
3,Utility (piped) gas service(2),0.891,171.248,186.095,199.340,16.4,7.1,3.6,3.6,7.5
,,,,,,,,,,
1,All items less food and energy,76.845,233.052,236.075,236.913,1.7,0.4,0.1,0.1,0.2
2,Commodities less food and energy commodities,19.596,147.717,146.509,147.226,-0.3,0.5,-0.1,-0.1,0.0
3,Apparel,3.386,128.279,125.493,128.888,0.5,2.7,-0.3,-0.3,0.3
3,New vehicles,3.549,145.989,146.421,146.348,0.2,0.0,-0.3,0.1,0.0
3,Used cars and trucks,1.655,148.753,147.616,148.920,0.1,0.9,-0.5,-0.1,0.4
3,Medical care commodities,1.723,335.198,340.067,339.567,1.3,-0.1,0.5,0.6,-0.3
3,Alcoholic beverages,1.004,234.015,236.314,236.512,1.1,0.1,-0.1,-0.3,0.3
3,Tobacco and smoking products(1),0.701,863.888,895.290,895.841,3.7,0.1,0.7,-0.1,0.1
2,Services less energy services,57.249,284.834,290.621,291.518,2.3,0.3,0.2,0.2,0.3
3,Shelter,31.977,261.330,267.418,268.431,2.7,0.4,0.3,0.2,0.3
4,Rent of primary residence(2),6.952,265.821,272.733,273.486,2.9,0.3,0.2,0.2,0.3
4,Owners' equivalent rent of residences(2)(3),23.814,268.802,275.185,275.817,2.6,0.2,0.2,0.2,0.3
3,Medical care services,5.872,452.596,462.648,463.678,2.4,0.2,0.2,0.2,0.3
4,Physicians' services(2),1.570,352.575,356.939,357.465,1.4,0.1,-0.2,-0.1,0.2
4,Hospital services(2)(4),1.814,264.586,276.555,277.974,5.1,0.5,0.9,0.6,0.8
3,Transportation services,5.531,278.874,281.759,282.663,1.4,0.3,0.1,0.3,0.2
4,Motor vehicle maintenance and repair(1),1.151,260.156,264.523,264.146,1.5,-0.1,0.2,0.3,-0.1
4,Motor vehicle insurance,2.205,415.381,430.310,430.163,3.6,0.0,0.5,0.3,0.3
4,Airline fare,0.727,315.303,297.679,302.464,-4.1,1.6,-2.2,1.3,0.5
,,,,,,,,,,
,Footnotes:,,,,,,,,,
,(1) Not seasonally adjusted.,,,,,,,,,
,(2) This index series was calculated using a Laspeyres estimator.  All other item stratum index series were calculated using a geometric means estimator.,,,,,,,,,
,(3) Indexes on a December 1982=100 base.,,,,,,,,,
,(4) Indexes on a December 1996=100 base.,,,,,,,,,
,"NOTE: Index applies to a month as a whole, not to any specific date.",,,,,,,,,
,"[1982-84=100, unless otherwise noted]",,,,,,,,,
,,,,,,,,,,
Indent Level,Expenditure category,"Relative
importance
Aug.
2014",Unadjusted indexes,,,Unadjusted percent change,,Seasonally adjusted percent change,,
,,,"Sep.
2013","Aug.
2014","Sep.
2014","Sep.
2013-
Sep.
2014","Aug.
2014-
Sep.
2014","Jun.
2014-
Jul.
2014","Jul.
2014-
Aug.
2014","Aug.
2014-
Sep.
2014"
,,,,,,,,,,
0,All items,100.000,234.149,237.852,238.031,1.7,0.1,0.1,-0.2,0.1
1,Food,13.951,237.522,243.811,244.630,3.0,0.3,0.4,0.2,0.3
2,Food at home,8.259,234.045,240.723,241.578,3.2,0.4,0.4,0.2,0.3
3,Cereals and bakery products,1.129,270.894,272.108,270.660,-0.1,-0.5,0.4,0.2,-0.4
3,"Meats, poultry, fish, and eggs",1.968,238.370,258.416,260.805,9.4,0.9,0.3,1.5,0.7
3,Dairy and related products(1),0.874,217.007,226.390,227.604,4.9,0.5,0.3,0.6,0.5
3,Fruits and vegetables,1.332,290.580,291.169,293.282,0.9,0.7,0.0,-0.8,0.1
3,Nonalcoholic beverages and beverage materials,0.935,165.755,165.613,166.080,0.2,0.3,0.5,-0.2,0.2
3,Other food at home,2.021,203.941,207.271,207.287,1.6,0.0,0.7,-0.2,0.5
2,Food away from home(1),5.691,244.036,249.801,250.570,2.7,0.3,0.3,0.2,0.3
,,,,,,,,,,
1,Energy,9.483,248.513,250.951,247.077,-0.6,-1.5,-0.3,-2.6,-0.7
2,Energy commodities,5.529,309.888,305.858,299.558,-3.3,-2.1,-0.3,-3.9,-1.1
3,Fuel oil(1),0.164,367.519,363.420,355.892,-3.2,-2.1,-0.7,-1.2,-2.1
3,Motor fuel,5.271,306.547,302.101,295.716,-3.5,-2.1,-0.3,-4.1,-1.1
4,Gasoline (all types),5.187,305.299,300.640,294.222,-3.6,-2.1,-0.3,-4.1,-1.0
2,Energy services(2),3.954,200.700,209.547,207.824,3.5,-0.8,-0.4,-0.6,-0.2
3,Electricity(2),3.085,209.106,217.148,215.054,2.8,-1.0,-0.3,0.1,-0.7
3,Utility (piped) gas service(2),0.869,173.315,183.960,183.376,5.8,-0.3,-0.4,-2.8,1.6
,,,,,,,,,,
1,All items less food and energy,76.566,234.782,238.296,238.841,1.7,0.2,0.1,0.0,0.1
2,Commodities less food and energy commodities,19.344,147.659,146.519,147.268,-0.3,0.5,0.0,-0.1,0.0
3,Apparel,3.348,129.701,125.726,130.324,0.5,3.7,0.2,-0.2,0.0
3,New vehicles,3.490,145.457,145.873,145.880,0.3,0.0,0.3,0.2,0.0
3,Used cars and trucks,1.696,151.750,153.277,151.153,-0.4,-1.4,-0.3,-0.3,-0.1
3,Medical care commodities,1.724,336.527,344.755,346.347,2.9,0.5,0.3,-0.1,0.5
3,Alcoholic beverages,0.998,234.999,237.829,237.828,1.2,0.0,-0.1,0.8,0.1
3,Tobacco and smoking products(1),0.700,886.493,904.961,904.487,2.0,-0.1,-0.3,0.0,-0.1
2,Services less energy services,57.222,287.720,294.284,294.676,2.4,0.1,0.1,0.0,0.2
3,Shelter,32.066,264.344,271.675,272.165,3.0,0.2,0.3,0.2,0.3
4,Rent of primary residence(2),6.971,269.137,277.048,277.998,3.3,0.3,0.3,0.2,0.3
4,Owners' equivalent rent of residences(2)(3),23.800,271.915,278.621,279.292,2.7,0.2,0.3,0.2,0.2
3,Medical care services,5.825,457.458,464.936,465.403,1.7,0.1,0.1,0.0,0.1
4,Physicians' services(2),1.563,354.967,359.967,359.879,1.4,0.0,-0.2,0.4,0.0
4,Hospital services(2)(4),1.803,269.691,278.608,279.540,3.7,0.3,0.4,0.0,0.3
3,Transportation services,5.499,279.491,283.786,283.425,1.4,-0.1,-0.7,-0.6,0.1
4,Motor vehicle maintenance and repair(1),1.143,262.960,266.129,267.256,1.6,0.4,0.2,-0.1,0.4
4,Motor vehicle insurance,2.212,420.321,437.384,438.496,4.3,0.3,0.2,0.1,0.4
4,Airline fare,0.713,301.476,295.609,292.397,-3.0,-1.1,-5.9,-4.7,-0.5
,,,,,,,,,,
,Footnotes:,,,,,,,,,
,(1) Not seasonally adjusted.,,,,,,,,,
,(2) This index series was calculated using a Laspeyres estimator.  All other item stratum index series were calculated using a geometric means estimator.,,,,,,,,,
,(3) Indexes on a December 1982=100 base.,,,,,,,,,
,(4) Indexes on a December 1996=100 base.,,,,,,,,,
,"NOTE: Index applies to a month as a whole, not to any specific date.",,,,,,,,,
,"[1982-84=100, unless otherwise noted]",,,,,,,,,
,,,,,,,,,,
Indent Level,Expenditure category,"Relative
importance
Jan.
2014",Unadjusted indexes,,,Unadjusted percent change,,Seasonally adjusted percent change,,
,,,"Feb.
2013","Jan.
2014","Feb.
2014","Feb.
2013-
Feb.
2014","Jan.
2014-
Feb.
2014","Nov.
2013-
Dec.
2013","Dec.
2013-
Jan.
2014","Jan.
2014-
Feb.
2014"
,,,,,,,,,,
0,All items,100.000,232.166,233.916,234.781,1.1,0.4,0.2,0.1,0.1
1,Food,13.898,236.301,238.872,239.608,1.4,0.3,0.0,0.1,0.4
2,Food at home,8.211,234.033,235.356,236.114,0.9,0.3,0.0,0.1,0.5
3,Cereals and bakery products,1.144,269.304,271.151,270.583,0.5,-0.2,-0.1,0.5,-0.4
3,"Meats, poultry, fish, and eggs",1.860,233.041,240.158,242.386,4.0,0.9,0.2,0.4,1.2
3,Dairy and related products(1),0.861,219.526,219.362,220.861,0.6,0.7,0.4,0.5,0.7
3,Fruits and vegetables,1.359,293.742,292.095,292.540,-0.4,0.2,-1.1,-0.3,1.1
3,Nonalcoholic beverages and beverage materials,0.959,168.977,167.039,165.980,-1.8,-0.6,0.2,-0.2,-0.3
3,Other food at home,2.028,204.763,204.575,205.554,0.4,0.5,0.2,0.0,0.2
2,Food away from home(1),5.687,240.930,245.481,246.187,2.2,0.3,0.1,0.1,0.3
,,,,,,,,,,
1,Energy,9.204,248.146,239.551,242.041,-2.5,1.0,1.6,0.6,-0.5
2,Energy commodities,5.407,320.258,294.165,298.403,-6.8,1.4,2.6,-0.5,-1.3
3,Fuel oil(1),0.179,393.782,389.522,405.344,2.9,4.1,2.4,3.7,4.1
3,Motor fuel,5.114,316.580,288.268,291.512,-7.9,1.1,2.5,-0.9,-1.7
4,Gasoline (all types),5.028,315.243,286.607,289.814,-8.1,1.1,2.6,-1.0,-1.7
2,Energy services(2),3.797,189.679,197.919,198.846,4.8,0.5,0.1,2.2,0.7
3,Electricity(2),2.933,194.739,203.026,202.224,3.8,-0.4,0.4,1.8,-0.2
3,Utility (piped) gas service(2),0.865,171.888,179.982,186.095,8.3,3.4,-1.0,3.6,3.6
,,,,,,,,,,
1,All items less food and energy,76.897,232.432,235.367,236.075,1.6,0.3,0.1,0.1,0.1
2,Commodities less food and energy commodities,19.603,147.093,146.025,146.509,-0.4,0.3,0.0,-0.1,-0.1
3,Apparel,3.365,126.303,124.275,125.493,-0.6,1.0,0.4,-0.3,-0.3
3,New vehicles,3.549,145.925,145.880,146.421,0.3,0.4,0.0,-0.3,0.1
3,Used cars and trucks,1.658,146.718,147.386,147.616,0.6,0.2,0.0,-0.5,-0.1
3,Medical care commodities,1.713,334.405,336.756,340.067,1.7,1.0,-0.6,0.5,0.6
3,Alcoholic beverages,1.008,233.898,236.340,236.314,1.0,0.0,0.2,-0.1,-0.3
3,Tobacco and smoking products(1),0.705,865.607,896.539,895.290,3.4,-0.1,0.6,0.7,-0.1
2,Services less energy services,57.294,284.231,289.779,290.621,2.2,0.3,0.1,0.2,0.2
3,Shelter,32.015,260.720,266.754,267.418,2.6,0.2,0.2,0.3,0.2
4,Rent of primary residence(2),6.967,265.256,272.317,272.733,2.8,0.2,0.3,0.2,0.2
4,Owners' equivalent rent of residences(2)(3),23.863,268.448,274.740,275.185,2.5,0.2,0.3,0.2,0.2
3,Medical care services,5.855,451.625,459.618,462.648,2.4,0.7,0.2,0.2,0.2
4,Physicians' services(2),1.575,352.266,356.796,356.939,1.3,0.0,0.3,-0.2,-0.1
4,Hospital services(2)(4),1.793,264.071,272.485,276.555,4.7,1.5,0.3,0.9,0.6
3,Transportation services,5.530,277.960,280.687,281.759,1.4,0.4,-0.4,0.1,0.3
4,Motor vehicle maintenance and repair(1),1.151,260.234,263.718,264.523,1.6,0.3,0.1,0.2,0.3
4,Motor vehicle insurance,2.209,416.147,429.585,430.310,3.4,0.2,0.4,0.5,0.3
4,Airline fare,0.716,309.283,291.836,297.679,-3.8,2.0,-4.2,-2.2,1.3
,,,,,,,,,,
,Footnotes:,,,,,,,,,
,(1) Not seasonally adjusted.,,,,,,,,,
,(2) This index series was calculated using a Laspeyres estimator.  All other item stratum index series were calculated using a geometric means estimator.,,,,,,,,,
,(3) Indexes on a December 1982=100 base.,,,,,,,,,
,(4) Indexes on a December 1996=100 base.,,,,,,,,,
,"NOTE: Index applies to a month as a whole, not to any specific date.",,,,,,,,,
,"[1982-84=100, unless otherwise noted]",,,,,,,,,
,,,,,,,,,,
Indent Level,Expenditure category,"Relative
importance
Nov.
2014",Unadjusted indexes,,,Unadjusted percent change,,Seasonally adjusted percent change,,
,,,"Dec.
2013","Nov.
2014","Dec.
2014","Dec.
2013-
Dec.
2014","Nov.
2014-
Dec.
2014","Sep.
2014-
Oct.
2014","Oct.
2014-
Nov.
2014","Nov.
2014-
Dec.
2014"
,,,,,,,,,,
0,All items,100.000,233.049,236.151,234.812,0.8,-0.6,0.0,-0.3,-0.4
1,Food,14.131,237.869,245.192,245.976,3.4,0.3,0.1,0.2,0.3
2,Food at home,8.348,233.802,241.576,242.457,3.7,0.4,0.1,0.1,0.3
3,Cereals and bakery products,1.130,269.267,270.344,270.635,0.5,0.1,0.3,-0.2,0.2
3,"Meats, poultry, fish, and eggs",1.998,239.102,260.457,261.055,9.2,0.2,-0.4,0.6,0.3
3,Dairy and related products(1),0.888,218.376,228.412,229.870,5.3,0.6,0.5,-0.2,0.6
3,Fruits and vegetables,1.355,288.136,293.978,297.429,3.2,1.2,0.9,-0.7,0.4
3,Nonalcoholic beverages and beverage materials,0.953,165.767,167.511,166.978,0.7,-0.3,0.6,0.5,-0.4
3,Other food at home,2.025,203.720,206.210,206.831,1.5,0.3,-0.4,0.4,0.3
2,Food away from home(1),5.783,245.300,251.987,252.628,3.0,0.3,0.2,0.4,0.3
,,,,,,,,,,
1,Energy,8.443,234.542,221.844,209.785,-10.6,-5.4,-1.9,-3.8,-4.7
2,Energy commodities,4.691,289.461,257.629,230.195,-20.5,-10.6,-3.0,-6.4,-9.1
3,Fuel oil(1),0.150,375.607,329.681,303.844,-19.1,-7.8,-4.0,-3.5,-7.8
3,Motor fuel,4.444,284.445,252.897,225.165,-20.8,-11.0,-3.1,-6.6,-9.3
4,Gasoline (all types),4.364,282.773,251.172,223.404,-21.0,-11.1,-3.0,-6.6,-9.4
2,Energy services(2),3.753,192.394,197.459,199.592,3.7,1.1,-0.2,-0.3,1.0
3,Electricity(2),2.903,198.043,202.889,204.275,3.1,0.7,0.5,0.1,0.8
3,Utility (piped) gas service(2),0.850,172.898,178.558,182.908,5.8,2.4,-2.7,-1.7,1.5
,,,,,,,,,,
1,All items less food and energy,77.426,235.000,239.248,238.775,1.6,-0.2,0.2,0.1,0.0
2,Commodities less food and energy commodities,19.473,146.277,146.439,145.127,-0.8,-0.9,0.0,-0.4,-0.3
3,Apparel,3.461,126.461,129.023,123.942,-2.0,-3.9,-0.2,-1.1,-1.2
3,New vehicles,3.529,145.766,146.481,146.524,0.5,0.0,0.2,-0.1,-0.1
3,Used cars and trucks,1.606,148.183,144.151,141.957,-4.2,-1.5,-0.9,-1.2,-1.2
3,Medical care commodities,1.751,333.801,347.616,349.750,4.8,0.6,0.0,0.6,1.0
3,Alcoholic beverages,1.012,235.804,239.551,238.856,1.3,-0.3,0.1,0.8,-0.3
3,Tobacco and smoking products(1),0.708,890.438,909.610,916.707,3.0,0.8,0.6,0.0,0.8
2,Services less energy services,57.953,289.001,295.911,296.021,2.4,0.0,0.3,0.2,0.1
3,Shelter,32.482,265.881,273.233,273.598,2.9,0.1,0.2,0.3,0.2
4,Rent of primary residence(2),7.099,271.688,280.123,280.874,3.4,0.3,0.2,0.3,0.2
4,Owners' equivalent rent of residences(2)(3),24.163,274.135,280.840,281.288,2.6,0.2,0.2,0.2,0.2
3,Medical care services,5.899,457.296,467.482,468.393,2.4,0.2,0.2,0.4,0.3
4,Physicians' services(2),1.578,356.469,361.001,361.659,1.5,0.2,0.1,0.5,0.3
4,Hospital services(2)(4),1.835,269.365,281.491,282.547,4.9,0.4,0.2,0.2,0.5
3,Transportation services,5.624,281.680,288.174,286.585,1.7,-0.6,0.8,0.3,-0.5
4,Motor vehicle maintenance and repair(1),1.161,263.081,268.389,268.588,2.1,0.1,0.3,0.1,0.1
4,Motor vehicle insurance,2.279,428.640,447.271,448.933,4.7,0.4,0.6,0.2,0.3
4,Airline fare,0.743,301.357,305.885,287.175,-4.7,-6.1,2.4,1.4,-5.0
,,,,,,,,,,
,Footnotes:,,,,,,,,,
,(1) Not seasonally adjusted.,,,,,,,,,
,(2) This index series was calculated using a Laspeyres estimator.  All other item stratum index series were calculated using a geometric means estimator.,,,,,,,,,
,(3) Indexes on a December 1982=100 base.,,,,,,,,,
,(4) Indexes on a December 1996=100 base.,,,,,,,,,
,"NOTE: Index applies to a month as a whole, not to any specific date.",,,,,,,,,
,"[1982-84=100, unless otherwise noted]",,,,,,,,,
,,,,,,,,,,
Indent Level,Expenditure category,"Relative
importance
Jun.
2014",Unadjusted indexes,,,Unadjusted percent change,,Seasonally adjusted percent change,,
,,,"Jul.
2013","Jun.
2014","Jul.
2014","Jul.
2013-
Jul.
2014","Jun.
2014-
Jul.
2014","Apr.
2014-
May
2014","May
2014-
Jun.
2014","Jun.
2014-
Jul.
2014"
,,,,,,,,,,
0,All items,100.000,233.596,238.343,238.250,2.0,0.0,0.4,0.3,0.1
1,Food,13.837,237.001,242.326,243.034,2.5,0.3,0.5,0.1,0.4
2,Food at home,8.188,233.591,239.147,239.820,2.7,0.3,0.7,0.0,0.4
3,Cereals and bakery products,1.122,271.279,270.860,271.993,0.3,0.4,-0.1,-0.2,0.4
3,"Meats, poultry, fish, and eggs",1.922,235.859,252.865,253.767,7.6,0.4,1.4,0.2,0.3
3,Dairy and related products(1),0.865,215.920,224.522,225.140,4.3,0.3,0.6,-0.4,0.3
3,Fruits and vegetables,1.348,287.773,295.139,293.535,2.0,-0.5,1.1,-0.3,0.0
3,Nonalcoholic beverages and beverage materials,0.928,165.412,164.700,165.211,-0.1,0.3,0.4,0.0,0.5
3,Other food at home,2.004,205.872,205.996,207.390,0.7,0.7,0.3,0.1,0.7
2,Food away from home(1),5.649,243.409,248.445,249.210,2.4,0.3,0.2,0.2,0.3
,,,,,,,,,,
1,Energy,9.799,251.370,259.858,257.907,2.6,-0.8,0.9,1.6,-0.3
2,Energy commodities,5.825,314.380,322.920,318.294,1.2,-1.4,0.6,3.0,-0.3
3,Fuel oil(1),0.167,359.780,370.317,367.725,2.2,-0.7,-1.4,-1.7,-0.7
3,Motor fuel,5.566,311.757,319.692,314.901,1.0,-1.5,0.8,3.3,-0.3
4,Gasoline (all types),5.480,310.886,318.334,313.514,0.8,-1.5,0.7,3.3,-0.3
2,Energy services(2),3.974,202.087,211.038,211.563,4.7,0.2,1.4,-0.4,-0.4
3,Electricity(2),3.084,209.538,217.529,217.930,4.0,0.2,2.3,0.2,-0.3
3,Utility (piped) gas service(2),0.890,177.356,188.769,189.659,6.9,0.5,-1.7,-2.6,-0.4
,,,,,,,,,,
1,All items less food and energy,76.364,233.792,238.157,238.138,1.9,0.0,0.3,0.1,0.1
2,Commodities less food and energy commodities,19.379,146.872,147.087,146.452,-0.3,-0.4,0.1,0.1,0.0
3,Apparel,3.383,124.215,127.302,124.645,0.3,-2.1,0.3,0.5,0.2
3,New vehicles,3.487,145.726,146.067,146.086,0.2,0.0,0.2,-0.3,0.3
3,Used cars and trucks,1.678,152.554,151.978,152.857,0.2,0.6,-0.1,-0.4,-0.3
3,Medical care commodities,1.713,334.673,343.224,344.687,3.0,0.4,0.5,0.7,0.3
3,Alcoholic beverages,0.990,235.022,236.569,236.387,0.6,-0.1,0.0,-0.1,-0.1
3,Tobacco and smoking products(1),0.700,881.770,907.216,904.614,2.6,-0.3,0.2,1.0,-0.3
2,Services less energy services,56.985,286.617,293.668,294.068,2.6,0.1,0.3,0.1,0.1
3,Shelter,31.840,263.451,270.314,271.115,2.9,0.3,0.3,0.2,0.3
4,Rent of primary residence(2),6.913,267.482,275.321,276.248,3.3,0.3,0.3,0.3,0.3
4,Owners' equivalent rent of residences(2)(3),23.635,270.537,277.256,277.886,2.7,0.2,0.2,0.2,0.3
3,Medical care services,5.813,453.773,464.960,465.166,2.5,0.0,0.3,0.0,0.1
4,Physicians' services(2),1.555,354.775,359.056,358.585,1.1,-0.1,0.4,-0.3,-0.2
4,Hospital services(2)(4),1.800,263.698,278.695,279.587,6.0,0.3,0.3,0.2,0.4
3,Transportation services,5.589,281.080,289.018,286.239,1.8,-1.0,1.0,0.1,-0.7
4,Motor vehicle maintenance and repair(1),1.138,262.229,265.656,266.282,1.5,0.2,0.2,0.2,0.2
4,Motor vehicle insurance,2.199,420.073,435.654,436.342,3.9,0.2,0.6,0.2,0.2
4,Airline fare,0.825,315.789,342.697,315.012,-0.2,-8.1,5.8,0.4,-5.9
,,,,,,,,,,
,Footnotes:,,,,,,,,,
,(1) Not seasonally adjusted.,,,,,,,,,
,(2) This index series was calculated using a Laspeyres estimator.  All other item stratum index series were calculated using a geometric means estimator.,,,,,,,,,
,(3) Indexes on a December 1982=100 base.,,,,,,,,,
,(4) Indexes on a December 1996=100 base.,,,,,,,,,
,"NOTE: Index applies to a month as a whole, not to any specific date.",,,,,,,,,
,"[1982-84=100, unless otherwise noted]",,,,,,,,,
,,,,,,,,,,
Indent Level,Expenditure category,"Relative
importance
Dec.
2013",Unadjusted indexes,,,Unadjusted percent change,,Seasonally adjusted percent change,,
,,,"Jan.
2013","Dec.
2013","Jan.
2014","Jan.
2013-
Jan.
2014","Dec.
2013-
Jan.
2014","Oct.
2013-
Nov.
2013","Nov.
2013-
Dec.
2013","Dec.
2013-
Jan.
2014"
,,,,,,,,,,
0,All items,100.000,230.280,233.049,233.916,1.6,0.4,0.1,0.2,0.1
1,Food,13.891,236.341,237.869,238.872,1.1,0.4,0.1,0.0,0.1
2,Food at home,8.187,234.240,233.802,235.356,0.5,0.7,0.0,0.0,0.1
3,Cereals and bakery products,1.141,269.078,269.267,271.151,0.8,0.7,0.0,-0.1,0.5
3,"Meats, poultry, fish, and eggs",1.859,232.461,239.102,240.158,3.3,0.4,-0.1,0.2,0.4
3,Dairy and related products(1),0.860,220.319,218.376,219.362,-0.4,0.5,0.4,0.4,0.5
3,Fruits and vegetables,1.346,293.714,288.136,292.095,-0.6,1.4,-0.4,-1.1,-0.3
3,Nonalcoholic beverages and beverage materials,0.955,169.593,165.767,167.039,-1.5,0.8,-0.3,0.2,-0.2
3,Other food at home,2.027,205.387,203.720,204.575,-0.4,0.4,0.4,0.2,0.0
2,Food away from home(1),5.704,240.713,245.300,245.481,2.0,0.1,0.3,0.1,0.1
,,,,,,,,,,
1,Energy,9.046,234.624,234.542,239.551,2.1,2.1,-0.4,1.6,0.6
2,Energy commodities,5.340,292.609,289.461,294.165,0.5,1.6,-0.8,2.6,-0.5
3,Fuel oil(1),0.173,381.889,375.607,389.522,2.0,3.7,0.4,2.4,3.7
3,Motor fuel,5.065,288.108,284.445,288.268,0.1,1.3,-0.9,2.5,-0.9
4,Gasoline (all types),4.979,286.417,282.773,286.607,0.1,1.4,-0.8,2.6,-1.0
2,Energy services(2),3.705,189.444,192.394,197.919,4.5,2.9,0.0,0.1,2.2
3,Electricity(2),2.872,194.525,198.043,203.026,4.4,2.5,0.5,0.4,1.8
3,Utility (piped) gas service(2),0.834,171.597,172.898,179.982,4.9,4.1,-1.5,-1.0,3.6
,,,,,,,,,,
1,All items less food and energy,77.063,231.612,235.000,235.367,1.6,0.2,0.2,0.1,0.1
2,Commodities less food and energy commodities,19.710,146.492,146.277,146.025,-0.3,-0.2,0.0,0.0,-0.1
3,Apparel,3.437,124.687,126.461,124.275,-0.3,-1.7,-0.1,0.4,-0.3
3,New vehicles,3.559,145.871,145.766,145.880,0.0,0.1,-0.1,0.0,-0.3
3,Used cars and trucks,1.673,145.260,148.183,147.386,1.5,-0.5,0.3,0.0,-0.5
3,Medical care commodities,1.704,334.046,333.801,336.756,0.8,0.9,0.1,-0.6,0.5
3,Alcoholic beverages,1.010,232.558,235.804,236.340,1.6,0.2,0.2,0.2,-0.1
3,Tobacco and smoking products(1),0.703,867.646,890.438,896.539,3.3,0.7,-0.2,0.6,0.7
2,Services less energy services,57.353,283.284,289.001,289.779,2.3,0.3,0.3,0.1,0.2
3,Shelter,32.029,260.039,265.881,266.754,2.6,0.3,0.3,0.2,0.3
4,Rent of primary residence(2),6.977,264.700,271.688,272.317,2.9,0.2,0.2,0.3,0.2
4,Owners' equivalent rent of residences(2)(3),23.900,267.995,274.135,274.740,2.5,0.2,0.3,0.3,0.2
3,Medical care services,5.847,448.226,457.296,459.618,2.5,0.5,0.0,0.2,0.2
4,Physicians' services(2),1.579,351.250,356.469,356.796,1.6,0.1,0.2,0.3,-0.2
4,Hospital services(2)(4),1.780,260.035,269.365,272.485,4.8,1.2,-0.3,0.3,0.9
3,Transportation services,5.571,277.406,281.680,280.687,1.2,-0.4,0.3,-0.4,0.1
4,Motor vehicle maintenance and repair(1),1.153,259.752,263.081,263.718,1.5,0.2,-0.1,0.1,0.2
4,Motor vehicle insurance,2.213,415.510,428.640,429.585,3.4,0.2,0.1,0.4,0.5
4,Airline fare,0.742,306.603,301.357,291.836,-4.8,-3.2,2.5,-4.2,-2.2
,,,,,,,,,,
,Footnotes:,,,,,,,,,
,(1) Not seasonally adjusted.,,,,,,,,,
,(2) This index series was calculated using a Laspeyres estimator.  All other item stratum index series were calculated using a geometric means estimator.,,,,,,,,,
,(3) Indexes on a December 1982=100 base.,,,,,,,,,
,(4) Indexes on a December 1996=100 base.,,,,,,,,,
,"NOTE: Index applies to a month as a whole, not to any specific date.",,,,,,,,,
,"[1982-84=100, unless otherwise noted]",,,,,,,,,
,,,,,,,,,,
Indent Level,Expenditure category,"Relative
importance
Sep.
2014",Unadjusted indexes,,,Unadjusted percent change,,Seasonally adjusted percent change,,
,,,"Oct.
2013","Sep.
2014","Oct.
2014","Oct.
2013-
Oct.
2014","Sep.
2014-
Oct.
2014","Jul.
2014-
Aug.
2014","Aug.
2014-
Sep.
2014","Sep.
2014-
Oct.
2014"
,,,,,,,,,,
0,All items,100.000,233.546,238.031,237.433,1.7,-0.3,-0.2,0.1,0.0
1,Food,13.987,237.871,244.630,245.166,3.1,0.2,0.2,0.3,0.1
2,Food at home,8.282,234.418,241.578,242.121,3.3,0.2,0.2,0.3,0.1
3,Cereals and bakery products,1.122,270.303,270.660,271.313,0.4,0.2,0.2,-0.4,0.3
3,"Meats, poultry, fish, and eggs",1.985,239.834,260.805,259.840,8.3,-0.4,1.5,0.7,-0.4
3,Dairy and related products(1),0.878,216.596,227.604,228.831,5.6,0.5,0.6,0.5,0.5
3,Fruits and vegetables,1.341,291.767,293.282,297.528,2.0,1.4,-0.8,0.1,0.9
3,Nonalcoholic beverages and beverage materials,0.937,166.361,166.080,167.350,0.6,0.8,-0.2,0.2,0.6
3,Other food at home,2.019,203.685,207.287,206.460,1.4,-0.4,-0.2,0.5,-0.4
2,Food away from home(1),5.705,244.350,250.570,251.100,2.8,0.2,0.2,0.3,0.2
,,,,,,,,,,
1,Energy,9.330,238.524,247.077,234.745,-1.6,-5.0,-2.6,-0.7,-1.9
2,Energy commodities,5.411,295.802,299.558,281.453,-4.9,-6.0,-3.9,-1.1,-3.0
3,Fuel oil(1),0.161,365.450,355.892,341.771,-6.5,-4.0,-1.2,-2.1,-4.0
3,Motor fuel,5.156,291.812,295.716,277.290,-5.0,-6.2,-4.1,-1.1,-3.1
4,Gasoline (all types),5.072,290.306,294.222,275.729,-5.0,-6.3,-4.1,-1.0,-3.0
2,Energy services(2),3.919,194.248,207.824,200.471,3.2,-3.5,-0.6,-0.2,-0.2
3,Electricity(2),3.053,200.392,215.054,206.667,3.1,-3.9,0.1,-0.7,0.5
3,Utility (piped) gas service(2),0.866,173.329,183.376,179.226,3.4,-2.3,-2.8,1.6,-2.7
,,,,,,,,,,
1,All items less food and energy,76.683,235.162,238.841,239.413,1.8,0.2,0.0,0.1,0.2
2,Commodities less food and energy commodities,19.428,147.814,147.268,147.542,-0.2,0.2,-0.1,0.0,0.0
3,Apparel,3.468,131.070,130.324,131.961,0.7,1.3,-0.2,0.0,-0.2
3,New vehicles,3.487,145.488,145.880,146.306,0.6,0.3,0.2,0.0,0.2
3,Used cars and trucks,1.671,150.413,151.153,147.893,-1.7,-2.2,-0.3,-0.1,-0.9
3,Medical care commodities,1.731,337.478,346.347,346.324,2.6,0.0,-0.1,0.5,0.0
3,Alcoholic beverages,0.997,235.348,237.828,238.045,1.1,0.1,0.8,0.1,0.1
3,Tobacco and smoking products(1),0.699,887.056,904.487,909.872,2.6,0.6,0.0,-0.1,0.6
2,Services less energy services,57.255,288.243,294.676,295.434,2.5,0.3,0.0,0.2,0.3
3,Shelter,32.100,264.719,272.165,272.788,3.0,0.2,0.2,0.3,0.2
4,Rent of primary residence(2),6.990,269.960,277.998,278.985,3.3,0.4,0.2,0.3,0.2
4,Owners' equivalent rent of residences(2)(3),23.839,272.623,279.292,280.046,2.7,0.3,0.2,0.2,0.2
3,Medical care services,5.826,457.135,465.403,466.038,1.9,0.1,0.0,0.1,0.2
4,Physicians' services(2),1.561,355.354,359.879,359.855,1.3,0.0,0.4,0.0,0.1
4,Hospital services(2)(4),1.808,269.270,279.540,280.496,4.2,0.3,0.0,0.3,0.2
3,Transportation services,5.488,281.697,283.425,286.691,1.8,1.2,-0.6,0.1,0.8
4,Motor vehicle maintenance and repair(1),1.147,263.085,267.256,268.094,1.9,0.3,-0.1,0.4,0.3
4,Motor vehicle insurance,2.216,424.601,438.496,444.443,4.7,1.4,0.1,0.4,0.6
4,Airline fare,0.705,310.012,292.397,301.466,-2.8,3.1,-4.7,-0.5,2.4
,,,,,,,,,,
,Footnotes:,,,,,,,,,
,(1) Not seasonally adjusted.,,,,,,,,,
,(2) This index series was calculated using a Laspeyres estimator.  All other item stratum index series were calculated using a geometric means estimator.,,,,,,,,,
,(3) Indexes on a December 1982=100 base.,,,,,,,,,
,(4) Indexes on a December 1996=100 base.,,,,,,,,,
,"NOTE: Index applies to a month as a whole, not to any specific date.",,,,,,,,,
,"[1982-84=100, unless otherwise noted]",,,,,,,,,
,,,,,,,,,,
Indent Level,Expenditure category,"Relative
importance
Oct.
2014",Unadjusted indexes,,,Unadjusted percent change,,Seasonally adjusted percent change,,
,,,"Nov.
2013","Oct.
2014","Nov.
2014","Nov.
2013-
Nov.
2014","Oct.
2014-
Nov.
2014","Aug.
2014-
Sep.
2014","Sep.
2014-
Oct.
2014","Oct.
2014-
Nov.
2014"
,,,,,,,,,,
0,All items,100.000,233.069,237.433,236.151,1.3,-0.5,0.1,0.0,-0.3
1,Food,14.053,237.641,245.166,245.192,3.2,0.0,0.3,0.1,0.2
2,Food at home,8.322,233.639,242.121,241.576,3.4,-0.2,0.3,0.1,0.1
3,Cereals and bakery products,1.128,269.750,271.313,270.344,0.2,-0.4,-0.4,0.3,-0.2
3,"Meats, poultry, fish, and eggs",1.983,238.761,259.840,260.457,9.1,0.2,0.7,-0.4,0.6
3,Dairy and related products(1),0.884,217.463,228.831,228.412,5.0,-0.2,0.5,0.5,-0.2
3,Fruits and vegetables,1.364,289.195,297.528,293.978,1.7,-1.2,0.1,0.9,-0.7
3,Nonalcoholic beverages and beverage materials,0.947,165.228,167.350,167.511,1.4,0.1,0.2,0.6,0.5
3,Other food at home,2.017,203.422,206.460,206.210,1.4,-0.1,0.5,-0.4,0.4
2,Food away from home(1),5.731,244.970,251.100,251.987,2.9,0.4,0.3,0.2,0.4
,,,,,,,,,,
1,Energy,8.886,233.136,234.745,221.844,-4.8,-5.5,-0.7,-1.9,-3.8
2,Energy commodities,5.097,286.975,281.453,257.629,-10.2,-8.5,-1.1,-3.0,-6.4
3,Fuel oil(1),0.155,366.749,341.771,329.681,-10.1,-3.5,-2.1,-4.0,-3.5
3,Motor fuel,4.847,282.423,277.290,252.897,-10.5,-8.8,-1.1,-3.1,-6.6
4,Gasoline (all types),4.765,280.742,275.729,251.172,-10.5,-8.9,-1.0,-3.0,-6.6
2,Energy services(2),3.789,191.984,200.471,197.459,2.9,-1.5,-0.2,-0.2,-0.3
3,Electricity(2),2.941,197.442,206.667,202.889,2.8,-1.8,-0.7,0.5,0.1
3,Utility (piped) gas service(2),0.848,173.035,179.226,178.558,3.2,-0.4,1.6,-2.7,-1.7
,,,,,,,,,,
1,All items less food and energy,77.061,235.243,239.413,239.248,1.7,-0.1,0.1,0.2,0.1
2,Commodities less food and energy commodities,19.513,147.191,147.542,146.439,-0.5,-0.7,0.0,0.0,-0.4
3,Apparel,3.520,129.435,131.961,129.023,-0.3,-2.2,0.0,-0.2,-1.1
3,New vehicles,3.506,145.643,146.306,146.481,0.6,0.1,0.0,0.2,-0.1
3,Used cars and trucks,1.639,148.740,147.893,144.151,-3.1,-2.5,-0.1,-0.9,-1.2
3,Medical care commodities,1.735,337.006,346.324,347.616,3.1,0.4,0.5,0.0,0.6
3,Alcoholic beverages,1.000,235.470,238.045,239.551,1.7,0.6,0.1,0.1,0.8
3,Tobacco and smoking products(1),0.705,885.518,909.872,909.610,2.7,0.0,-0.1,0.6,0.0
2,Services less energy services,57.547,288.792,295.434,295.911,2.5,0.2,0.2,0.3,0.2
3,Shelter,32.255,265.310,272.788,273.233,3.0,0.2,0.3,0.2,0.3
4,Rent of primary residence(2),7.032,270.698,278.985,280.123,3.5,0.4,0.3,0.2,0.3
4,Owners' equivalent rent of residences(2)(3),23.964,273.437,280.046,280.840,2.7,0.3,0.2,0.2,0.2
3,Medical care services,5.849,456.855,466.038,467.482,2.3,0.3,0.1,0.2,0.4
4,Physicians' services(2),1.565,355.555,359.855,361.001,1.5,0.3,0.0,0.1,0.5
4,Hospital services(2)(4),1.819,268.978,280.496,281.491,4.7,0.4,0.3,0.2,0.2
3,Transportation services,5.565,283.116,286.691,288.174,1.8,0.5,0.1,0.8,0.3
4,Motor vehicle maintenance and repair(1),1.153,262.934,268.094,268.389,2.1,0.1,0.4,0.3,0.1
4,Motor vehicle insurance,2.252,426.640,444.443,447.271,4.8,0.6,0.4,0.6,0.2
4,Airline fare,0.728,318.197,301.466,305.885,-3.9,1.5,-0.5,2.4,1.4
,,,,,,,,,,
,Footnotes:,,,,,,,,,
,(1) Not seasonally adjusted.,,,,,,,,,
,(2) This index series was calculated using a Laspeyres estimator.  All other item stratum index series were calculated using a geometric means estimator.,,,,,,,,,
,(3) Indexes on a December 1982=100 base.,,,,,,,,,
,(4) Indexes on a December 1996=100 base.,,,,,,,,,
,"NOTE: Index applies to a month as a whole, not to any specific date.",,,,,,,,,
,"[1982-84=100, unless otherwise noted]",,,,,,,,,
,,,,,,,,,,
Indent Level,Expenditure category,"Relative
importance
Jul.
2014",Unadjusted indexes,,,Unadjusted percent change,,Seasonally adjusted percent change,,
,,,"Aug.
2013","Jul.
2014","Aug.
2014","Aug.
2013-
Aug.
2014","Jul.
2014-
Aug.
2014","May
2014-
Jun.
2014","Jun.
2014-
Jul.
2014","Jul.
2014-
Aug.
2014"
,,,,,,,,,,
0,All items,100.000,233.877,238.250,237.852,1.7,-0.2,0.3,0.1,-0.2
1,Food,13.883,237.406,243.034,243.811,2.7,0.3,0.1,0.4,0.2
2,Food at home,8.215,233.999,239.820,240.723,2.9,0.4,0.0,0.4,0.2
3,Cereals and bakery products,1.127,271.285,271.993,272.108,0.3,0.0,-0.2,0.4,0.2
3,"Meats, poultry, fish, and eggs",1.930,237.494,253.767,258.416,8.8,1.8,0.2,0.3,1.5
3,Dairy and related products(1),0.867,216.791,225.140,226.390,4.4,0.6,-0.4,0.3,0.6
3,Fruits and vegetables,1.341,290.779,293.535,291.169,0.1,-0.8,-0.3,0.0,-0.8
3,Nonalcoholic beverages and beverage materials,0.931,165.884,165.211,165.613,-0.2,0.2,0.0,0.5,-0.2
3,Other food at home,2.019,204.223,207.390,207.271,1.5,-0.1,0.1,0.7,-0.2
2,Food away from home(1),5.668,243.811,249.210,249.801,2.5,0.2,0.2,0.3,0.2
,,,,,,,,,,
1,Energy,9.729,250.011,257.907,250.951,0.4,-2.7,1.6,-0.3,-2.6
2,Energy commodities,5.744,313.275,318.294,305.858,-2.4,-3.9,3.0,-0.3,-3.9
3,Fuel oil(1),0.166,364.124,367.725,363.420,-0.2,-1.2,-1.7,-0.7,-1.2
3,Motor fuel,5.485,310.351,314.901,302.101,-2.7,-4.1,3.3,-0.3,-4.1
4,Gasoline (all types),5.400,309.355,313.514,300.640,-2.8,-4.1,3.3,-0.3,-4.1
2,Energy services(2),3.985,200.406,211.563,209.547,4.6,-1.0,-0.4,-0.4,-0.6
3,Electricity(2),3.091,208.514,217.930,217.148,4.1,-0.4,0.2,-0.3,0.1
3,Utility (piped) gas service(2),0.894,173.861,189.659,183.960,5.8,-3.0,-2.6,-0.4,-2.8
,,,,,,,,,,
1,All items less food and energy,76.387,234.258,238.138,238.296,1.7,0.1,0.1,0.1,0.0
2,Commodities less food and energy commodities,19.303,147.088,146.452,146.519,-0.4,0.0,0.1,0.0,-0.1
3,Apparel,3.314,125.767,124.645,125.726,0.0,0.9,0.5,0.2,-0.2
3,New vehicles,3.489,145.316,146.086,145.873,0.4,-0.1,-0.3,0.3,0.2
3,Used cars and trucks,1.688,153.252,152.857,153.277,0.0,0.3,-0.4,-0.3,-0.3
3,Medical care commodities,1.721,335.985,344.687,344.755,2.6,0.0,0.7,0.3,-0.1
3,Alcoholic beverages,0.990,235.199,236.387,237.829,1.1,0.6,-0.1,-0.1,0.8
3,Tobacco and smoking products(1),0.698,885.588,904.614,904.961,2.2,0.0,1.0,-0.3,0.0
2,Services less energy services,57.085,287.239,294.068,294.284,2.5,0.1,0.1,0.1,0.0
3,Shelter,31.947,264.024,271.115,271.675,2.9,0.2,0.2,0.3,0.2
4,Rent of primary residence(2),6.939,268.505,276.248,277.048,3.2,0.3,0.3,0.3,0.2
4,Owners' equivalent rent of residences(2)(3),23.698,271.352,277.886,278.621,2.7,0.3,0.2,0.3,0.2
3,Medical care services,5.818,456.062,465.166,464.936,1.9,0.0,0.0,0.1,0.0
4,Physicians' services(2),1.554,354.712,358.585,359.967,1.5,0.4,-0.3,-0.2,0.4
4,Hospital services(2)(4),1.807,267.741,279.587,278.608,4.1,-0.4,0.2,0.4,0.0
3,Transportation services,5.537,279.523,286.239,283.786,1.5,-0.9,0.1,-0.7,-0.6
4,Motor vehicle maintenance and repair(1),1.141,262.497,266.282,266.129,1.4,-0.1,0.2,0.2,-0.1
4,Motor vehicle insurance,2.203,420.226,436.342,437.384,4.1,0.2,0.2,0.2,0.1
4,Airline fare,0.759,303.848,315.012,295.609,-2.7,-6.2,0.4,-5.9,-4.7
,,,,,,,,,,
,Footnotes:,,,,,,,,,
,(1) Not seasonally adjusted.,,,,,,,,,
,(2) This index series was calculated using a Laspeyres estimator.  All other item stratum index series were calculated using a geometric means estimator.,,,,,,,,,
,(3) Indexes on a December 1982=100 base.,,,,,,,,,
,(4) Indexes on a December 1996=100 base.,,,,,,,,,
,"NOTE: Index applies to a month as a whole, not to any specific date.",,,,,,,,,
,"[1982-84=100, unless otherwise noted]",,,,,,,,,
,,,,,,,,,,
Indent Level,Expenditure category,"Relative
importance
May
2014",Unadjusted indexes,,,Unadjusted percent change,,Seasonally adjusted percent change,,
,,,"Jun.
2013","May
2014","Jun.
2014","Jun.
2013-
Jun.
2014","May
2014-
Jun.
2014","Mar.
2014-
Apr.
2014","Apr.
2014-
May
2014","May
2014-
Jun.
2014"
,,,,,,,,,,
0,All items,100.000,233.504,237.900,238.343,2.1,0.2,0.3,0.4,0.3
1,Food,13.864,236.792,242.344,242.326,2.3,0.0,0.4,0.5,0.1
2,Food at home,8.216,233.499,239.504,239.147,2.4,-0.1,0.4,0.7,0.0
3,Cereals and bakery products,1.126,271.716,271.362,270.860,-0.3,-0.2,0.0,-0.1,-0.2
3,"Meats, poultry, fish, and eggs",1.918,235.277,251.825,252.865,7.5,0.4,1.5,1.4,0.2
3,Dairy and related products(1),0.870,216.062,225.491,224.522,3.9,-0.4,0.5,0.6,-0.4
3,Fruits and vegetables,1.366,286.643,298.626,295.139,3.0,-1.2,0.7,1.1,-0.3
3,Nonalcoholic beverages and beverage materials,0.929,166.287,164.640,164.700,-1.0,0.0,-0.1,0.4,0.0
3,Other food at home,2.007,205.789,205.866,205.996,0.1,0.1,-0.2,0.3,0.1
2,Food away from home(1),5.648,243.016,247.952,248.445,2.2,0.2,0.3,0.2,0.2
,,,,,,,,,,
1,Energy,9.671,251.921,255.982,259.858,3.2,1.5,0.3,0.9,1.6
2,Energy commodities,5.827,315.529,322.394,322.920,2.3,0.2,1.9,0.6,3.0
3,Fuel oil(1),0.170,355.966,376.855,370.317,4.0,-1.7,-3.0,-1.4,-1.7
3,Motor fuel,5.562,313.058,318.840,319.692,2.1,0.3,2.3,0.8,3.3
4,Gasoline (all types),5.475,312.212,317.434,318.334,2.0,0.3,2.3,0.7,3.3
2,Energy services(2),3.844,202.075,203.781,211.038,4.4,3.6,-1.9,1.4,-0.4
3,Electricity(2),2.936,208.737,206.715,217.529,4.2,5.2,-2.6,2.3,0.2
3,Utility (piped) gas service(2),0.908,179.557,192.303,188.769,5.1,-1.8,0.3,-1.7,-2.6
,,,,,,,,,,
1,All items less food and energy,76.465,233.640,238.029,238.157,1.9,0.1,0.2,0.3,0.1
2,Commodities less food and energy commodities,19.463,147.385,147.454,147.087,-0.2,-0.2,0.1,0.1,0.1
3,Apparel,3.434,126.205,128.963,127.302,0.9,-1.3,0.0,0.3,0.5
3,New vehicles,3.509,146.076,146.708,146.067,0.0,-0.4,0.3,0.2,-0.3
3,Used cars and trucks,1.675,151.760,151.441,151.978,0.1,0.4,0.5,-0.1,-0.4
3,Medical care commodities,1.708,333.837,341.432,343.224,2.8,0.5,0.3,0.5,0.7
3,Alcoholic beverages,0.994,234.460,236.894,236.569,0.9,-0.1,0.1,0.0,-0.1
3,Tobacco and smoking products(1),0.694,869.824,898.143,907.216,4.3,1.0,0.1,0.2,1.0
2,Services less energy services,57.001,286.024,293.208,293.668,2.7,0.2,0.3,0.3,0.1
3,Shelter,31.835,262.907,269.766,270.314,2.8,0.2,0.2,0.3,0.2
4,Rent of primary residence(2),6.911,266.905,274.710,275.321,3.2,0.2,0.3,0.3,0.3
4,Owners' equivalent rent of residences(2)(3),23.635,270.126,276.748,277.256,2.6,0.2,0.2,0.2,0.2
3,Medical care services,5.824,453.325,465.014,464.960,2.6,0.0,0.3,0.3,0.0
4,Physicians' services(2),1.560,355.105,359.547,359.056,1.1,-0.1,0.3,0.4,-0.3
4,Hospital services(2)(4),1.803,263.287,278.568,278.695,5.9,0.0,0.5,0.3,0.2
3,Transportation services,5.592,280.184,288.627,289.018,3.2,0.1,0.7,1.0,0.1
4,Motor vehicle maintenance and repair(1),1.138,261.360,265.013,265.656,1.6,0.2,0.1,0.2,0.2
4,Motor vehicle insurance,2.200,415.353,434.934,435.654,4.9,0.2,0.9,0.6,0.2
4,Airline fare,0.825,325.321,341.947,342.697,5.3,0.2,2.6,5.8,0.4
,,,,,,,,,,
,Footnotes:,,,,,,,,,
,(1) Not seasonally adjusted.,,,,,,,,,
,(2) This index series was calculated using a Laspeyres estimator.  All other item stratum index series were calculated using a geometric means estimator.,,,,,,,,,
,(3) Indexes on a December 1982=100 base.,,,,,,,,,
,(4) Indexes on a December 1996=100 base.,,,,,,,,,
,"NOTE: Index applies to a month as a whole, not to any specific date.",,,,,,,,,
,"[1982-84=100, unless otherwise noted]",,,,,,,,,
,,,,,,,,,,
Indent Level,Expenditure category,"Relative
importance
Apr.
2014",Unadjusted indexes,,,Unadjusted percent change,,Seasonally adjusted percent change,,
,,,"May
2013","Apr.
2014","May
2014","May
2013-
May
2014","Apr.
2014-
May
2014","Feb.
2014-
Mar.
2014","Mar.
2014-
Apr.
2014","Apr.
2014-
May
2014"
,,,,,,,,,,
0,All items,100.000,232.945,237.072,237.900,2.1,0.3,0.2,0.3,0.4
1,Food,13.855,236.526,241.337,242.344,2.5,0.4,0.4,0.4,0.5
2,Food at home,8.196,233.302,238.103,239.504,2.7,0.6,0.5,0.4,0.7
3,Cereals and bakery products,1.128,271.041,271.005,271.362,0.1,0.1,0.2,0.0,-0.1
3,"Meats, poultry, fish, and eggs",1.905,233.724,249.290,251.825,7.7,1.0,1.2,1.5,1.4
3,Dairy and related products(1),0.868,216.327,224.171,225.491,4.2,0.6,1.0,0.5,0.6
3,Fruits and vegetables,1.352,289.236,294.509,298.626,3.2,1.4,0.9,0.7,1.1
3,Nonalcoholic beverages and beverage materials,0.937,166.189,165.387,164.640,-0.9,-0.5,-0.2,-0.1,0.4
3,Other food at home,2.006,205.498,205.091,205.866,0.2,0.4,-0.1,-0.2,0.3
2,Food away from home(1),5.658,242.642,247.534,247.952,2.2,0.2,0.3,0.3,0.2
,,,,,,,,,,
1,Energy,9.581,247.805,252.717,255.982,3.3,1.3,-0.1,0.3,0.9
2,Energy commodities,5.816,314.009,320.709,322.394,2.7,0.5,-2.0,1.9,0.6
3,Fuel oil(1),0.173,357.838,382.025,376.855,5.3,-1.4,-2.9,-3.0,-1.4
3,Motor fuel,5.545,311.326,316.782,318.840,2.4,0.6,-1.7,2.3,0.8
4,Gasoline (all types),5.458,310.352,315.335,317.434,2.3,0.7,-1.7,2.3,0.7
2,Energy services(2),3.765,195.172,198.856,203.781,4.4,2.5,2.6,-1.9,1.4
3,Electricity(2),2.832,199.557,198.654,206.715,3.6,4.1,1.1,-2.6,2.3
3,Utility (piped) gas service(2),0.933,179.173,196.872,192.303,7.3,-2.3,7.5,0.3,-1.7
,,,,,,,,,,
1,All items less food and energy,76.564,233.462,237.509,238.029,2.0,0.2,0.2,0.2,0.3
2,Commodities less food and energy commodities,19.549,147.762,147.589,147.454,-0.2,-0.1,0.0,0.1,0.1
3,Apparel,3.463,127.952,129.629,128.963,0.8,-0.5,0.3,0.0,0.3
3,New vehicles,3.522,145.955,146.724,146.708,0.5,0.0,0.0,0.3,0.2
3,Used cars and trucks,1.671,151.099,150.496,151.441,0.2,0.6,0.4,0.5,-0.1
3,Medical care commodities,1.709,333.064,340.535,341.432,2.5,0.3,-0.3,0.3,0.5
3,Alcoholic beverages,0.996,234.425,236.530,236.894,1.1,0.2,0.3,0.1,0.0
3,Tobacco and smoking products(1),0.695,868.983,896.306,898.143,3.4,0.2,0.1,0.1,0.2
2,Services less energy services,57.015,285.479,292.257,293.208,2.7,0.3,0.3,0.3,0.3
3,Shelter,31.843,262.289,268.899,269.766,2.9,0.3,0.3,0.2,0.3
4,Rent of primary residence(2),6.919,266.559,274.100,274.710,3.1,0.2,0.3,0.3,0.3
4,Owners' equivalent rent of residences(2)(3),23.677,269.635,276.265,276.748,2.6,0.2,0.3,0.2,0.2
3,Medical care services,5.835,451.648,464.238,465.014,3.0,0.2,0.3,0.3,0.3
4,Physicians' services(2),1.561,353.372,358.415,359.547,1.7,0.3,0.2,0.3,0.4
4,Hospital services(2)(4),1.809,262.060,278.496,278.568,6.3,0.0,0.8,0.5,0.3
3,Transportation services,5.548,279.948,285.402,288.627,3.1,1.1,0.2,0.7,1.0
4,Motor vehicle maintenance and repair(1),1.139,261.065,264.508,265.013,1.5,0.2,-0.1,0.1,0.2
4,Motor vehicle insurance,2.198,414.952,433.113,434.934,4.8,0.4,0.3,0.9,0.6
4,Airline fare,0.770,326.500,318.331,341.947,4.7,7.4,0.5,2.6,5.8
,,,,,,,,,,
,Footnotes:,,,,,,,,,
,(1) Not seasonally adjusted.,,,,,,,,,
,(2) This index series was calculated using a Laspeyres estimator.  All other item stratum index series were calculated using a geometric means estimator.,,,,,,,,,
,(3) Indexes on a December 1982=100 base.,,,,,,,,,
,(4) Indexes on a December 1996=100 base.,,,,,,,,,
,"NOTE: Index applies to a month as a whole, not to any specific date.",,,,,,,,,
